Title of article	Date
India-UK FTA negotiations floor not ceiling of our ambitions: British Foreign Secretary David Lammy	July 24, 2024 11:15 IST
Indiaâ€™s business growth at three-month high in July, PMI shows	July 24, 2024 11:15 IST
Budget 2024: Capex outlay to remain at Rs 11.11 lakh crore, viability gap funding for private sector in the works	July 24, 2024  09:22 IST
Neighbourhood first in External Affairsâ€™ allocation for aid to countries	July 24, 2024  12:08 IST
Govt hikes long-term capital gains tax to 12.5%  from 10%; clamps down on F&O trading, raises STT	July 24, 2024 02:46 IST
Budget 2024: Centreâ€™s subsidy bill to fall to five-year-low in 2024-25	July 24, 2024  02:36 IST
Budget 2024: From divestment to kickstarting private investment, the many silencesSubscriber Only	July 24, 2024  12:06 IST
Budget 2024: Shifting focus from fiscal deficit to debt-GDP ratio	July 24, 2024 02:26 IST
What does Budget 2024 mean for mutual fund investors? Industry expert Radhika Gupta decodes	July 24, 2024  00:46 IST
Gold prices plunge by 5 pc after duty cut	July 23, 2024  18:37 IST
Rupee falls 5 paise to close at all-time low of 83.71 against US dollar post-budget	July 23, 2024  16:31 IST
In Budget, govt takes a leap towards digitising farmer sector	July 24, 2024  03:13 IST
Budget push for new thermal plants, pumped storage in Indiaâ€™s power mix; focus on baseload capacity	July 24, 2024  01:52 IST
Employment linked incentives, tweaks to component import duties, easy loans to MSMEs, part of Budgetâ€™s manufacturing push	July 23, 2024 14:28 IST
Union Budget: FM Nirmala Sitharaman slashes Customs duties on several items	July 23, 2024 14:22 IST
FM reiterates intent to stick to the fiscal consolidation path, lowers fiscal deficit target to 4.9% for FY25 from 5.1% in interim Budget	July 24, 2024  03:21 IST
Sensex down 1,200 points, Nifty falls 1.77% after FM hikes STT, tweaks LTCG	July 23, 2024  13:45 IST
Customs duty slashed on range of input materials including gold and silver	July 24, 2024  04:17 IST
â€˜Glad Nirmala Sitharaman read Congress manifestoâ€™: Congress on Budget 2024	July 23, 2024 13:24 IST
Full text of Nirmala Sitharamanâ€™s budget 2024 speech	July 23, 2024  13:12 IST
Union Budget 2024: In relief for start-up investors, Centre to abolish angel tax	July 24, 2024  03:30 IST
Govt looks to boost e-commerce exports, will set up PPP hubs along lines of Southeast Asian countries	July 24, 2024  01:54 IST
Budget 2024: What gets cheaper, what gets costlier?	July 23, 2024  19:17 IST
Budgetâ€™s big MSME push: New credit rating mechanism for smaller units; Mudra loan limit hiked	July 24, 2024  02:05 IST
Job announcements in Nirmala Sitharamanâ€™s Union Budget 2024	July 23, 2024  12:49 IST
